id,first_name,last_name,email,gender,ip_address
1,Janek,Wakefield,jwakefield0@dell.com,Male,122.186.157.138
2,Ennis,Sorby,esorby1@ning.com,Male,70.142.56.57
3,Aryn,Cregan,acregan2@instagram.com,Genderqueer,146.37.55.220
4,Wandis,Gerge,wgerge3@techcrunch.com,Female,14.151.194.150
5,Maighdiln,Greasley,mgreasley4@china.com.cn,Female,127.227.211.226
6,Pierrette,Murphy,pmurphy5@icio.us,Female,141.235.151.90
7,Grata,Aguirrezabal,gaguirrezabal6@geocities.jp,Polygender,57.18.4.242
8,Jud,Callington,jcallington7@sitemeter.com,Male,31.164.111.231
9,Mylo,Agget,magget8@walmart.com,Male,99.162.87.61
10,Caressa,Defew,cdefew9@youtu.be,Genderqueer,240.89.244.171
11,Patten,Roizn,proizna@redcross.org,Male,41.1.31.5
12,Alden,Gregg,agreggb@g.co,Male,237.97.231.170
13,Yuma,McKissack,ymckissackc@va.gov,Male,53.127.148.215
14,Myra,Carreyette,mcarreyetted@seesaa.net,Female,75.143.151.111
15,Mureil,Telling,mtellinge@nih.gov,Female,55.48.49.88
16,Tallulah,Liddicoat,tliddicoatf@cornell.edu,Female,196.33.219.218
17,Patin,Maris,pmarisg@storify.com,Male,132.89.82.224
18,Jorry,Hedderly,jhedderlyh@php.net,Female,127.166.196.27
19,Glennie,Swiggs,gswiggsi@google.nl,Female,112.82.231.80
20,Henrik,Skittrall,hskittrallj@elpais.com,Male,116.201.181.126
21,Tony,Yitzhok,tyitzhokk@google.es,Female,180.71.144.237
22,Arin,Drydale,adrydalel@nasa.gov,Male,51.140.106.77
23,Roldan,Melmore,rmelmorem@tmall.com,Male,60.58.191.255
24,Nate,McQuode,nmcquoden@simplemachines.org,Male,176.126.163.83
25,Goldie,Jowitt,gjowitto@pen.io,Female,239.229.151.3
26,Gisele,Hardingham,ghardinghamp@hud.gov,Female,50.45.208.223
27,Christiana,Lowell,clowellq@noaa.gov,Female,184.83.171.122
28,Pansie,Heaney`,pheaneyr@google.de,Female,122.254.22.192
29,Erick,McHenry,emchenrys@apple.com,Male,93.145.110.57
30,Malissia,McMeekan,mmcmeekant@google.ru,Female,7.104.3.108
31,Marney,Weeds,mweedsu@virginia.edu,Female,255.42.194.224
32,Brianne,Fisk,bfiskv@etsy.com,Female,85.154.134.172
33,Somerset,Chambers,schambersw@biblegateway.com,Male,212.34.103.183
34,Todd,Stobart,tstobartx@xrea.com,Male,123.101.158.111
35,Dorris,Hyman,dhymany@howstuffworks.com,Female,34.55.16.208
36,Rosemary,Covill,rcovillz@slideshare.net,Female,249.33.226.83
37,Derrick,Zavittieri,dzavittieri10@shutterfly.com,Male,212.179.152.200
38,Raimondo,Wonfor,rwonfor11@feedburner.com,Male,160.191.132.178
39,Emelyne,Lawlee,elawlee12@utexas.edu,Female,115.22.233.124
40,Lambert,Bristo,lbristo13@nature.com,Male,222.169.119.33
41,Millard,Lindback,mlindback14@disqus.com,Genderfluid,34.121.254.232
42,Isabelita,Ruhben,iruhben15@google.es,Female,96.36.200.146
43,Ethelred,Beddis,ebeddis16@w3.org,Male,199.6.244.31
44,Edeline,Crosfield,ecrosfield17@mtv.com,Female,46.123.110.206
45,Emiline,Kenningley,ekenningley18@vkontakte.ru,Female,200.156.165.208
46,Marcel,Dinning,mdinning19@archive.org,Male,170.62.172.122
47,Vinson,Hutt,vhutt1a@typepad.com,Male,216.95.129.18
48,Ashbey,O' Dornan,aodornan1b@timesonline.co.uk,Male,162.18.53.51
49,Francis,Seabon,fseabon1c@chicagotribune.com,Male,243.160.164.247
50,Clevey,Rispine,crispine1d@gravatar.com,Male,133.227.6.151
51,Myrah,Ambroisin,mambroisin1e@discovery.com,Female,8.222.225.210
52,Fraze,Iddison,fiddison1f@amazon.co.jp,Male,37.140.161.138
53,Andy,Garnul,agarnul1g@people.com.cn,Male,213.155.50.207
54,Valentin,Reiglar,vreiglar1h@bandcamp.com,Male,31.218.30.37
55,Chevalier,Benstead,cbenstead1i@virginia.edu,Male,160.234.20.230
56,Natty,Rosenfelder,nrosenfelder1j@bloomberg.com,Female,7.73.37.231
57,Sherry,Dengel,sdengel1k@europa.eu,Female,194.149.143.158
58,Henrik,Thynn,hthynn1l@parallels.com,Male,66.73.120.39
59,Kai,McBrier,kmcbrier1m@wikia.com,Female,196.118.6.74
60,Bradney,Laurens,blaurens1n@npr.org,Male,136.111.117.30
61,Yvonne,Harbach,yharbach1o@comsenz.com,Non-binary,197.166.23.160
62,Brenda,Hathway,bhathway1p@soundcloud.com,Female,193.68.97.17
63,Micky,Matskevich,mmatskevich1q@edublogs.org,Male,224.172.63.212
64,Troy,Amey,tamey1r@disqus.com,Male,143.229.94.242
65,Kit,Scrammage,kscrammage1s@fotki.com,Male,16.119.115.27
66,Lucias,Pinchback,lpinchback1t@networkadvertising.org,Genderfluid,77.71.246.19
67,Ansell,Reihill,areihill1u@nih.gov,Genderqueer,212.48.185.244
68,Domenico,Gilding,dgilding1v@geocities.com,Male,56.55.148.63
69,Ros,Klazenga,rklazenga1w@ycombinator.com,Genderfluid,66.195.25.235
70,Saree,Dunthorne,sdunthorne1x@smugmug.com,Female,40.218.255.151
71,Curry,Dyball,cdyball1y@plala.or.jp,Male,2.87.210.78
72,Lindy,Willavoys,lwillavoys1z@webmd.com,Non-binary,147.202.48.223
73,Flss,Bourgeois,fbourgeois20@scientificamerican.com,Female,244.31.77.83
74,Sidonia,Elesander,selesander21@liveinternet.ru,Female,75.218.252.59
75,Mellicent,Mc Andrew,mmcandrew22@prnewswire.com,Agender,59.92.93.165
76,Ryon,Cosgrave,rcosgrave23@i2i.jp,Male,208.243.155.133
77,Jelene,Vanyukov,jvanyukov24@unc.edu,Female,39.110.59.35
78,Raquel,Kornyshev,rkornyshev25@webeden.co.uk,Female,84.73.190.161
79,Kelly,Wickett,kwickett26@rakuten.co.jp,Male,220.137.50.135
80,Amalle,Riccardo,ariccardo27@phoca.cz,Female,215.13.131.207
81,Carina,Adacot,cadacot28@businesswire.com,Female,185.2.35.78
82,Herschel,Tremain,htremain29@alibaba.com,Male,88.226.169.38
83,Levi,Cockill,lcockill2a@marriott.com,Male,105.48.205.98
84,Dixie,Livens,dlivens2b@reverbnation.com,Female,232.152.83.90
85,Felipe,Decent,fdecent2c@123-reg.co.uk,Male,164.153.234.62
86,Bethanne,Gauvain,bgauvain2d@bandcamp.com,Female,86.66.115.222
87,Ware,Folkes,wfolkes2e@answers.com,Male,118.241.53.247
88,Andreana,Haruard,aharuard2f@webmd.com,Female,139.135.173.221
89,Silas,Danbrook,sdanbrook2g@usda.gov,Genderfluid,14.9.38.54
90,Kenton,Valentine,kvalentine2h@plala.or.jp,Male,207.28.153.70
91,Kippar,Croser,kcroser2i@ca.gov,Male,82.134.33.102
92,Luther,Broader,lbroader2j@washington.edu,Male,139.216.172.82
93,Kathlin,Sloane,ksloane2k@google.com.hk,Female,218.108.58.96
94,Jilly,Ellyatt,jellyatt2l@livejournal.com,Female,1.126.216.144
95,Bettina,Apthorpe,bapthorpe2m@constantcontact.com,Female,221.56.211.113
96,Kirstin,Melloy,kmelloy2n@dagondesign.com,Female,42.244.31.41
97,Noni,Ready,nready2o@arizona.edu,Female,113.86.56.116
98,Rodina,Axell,raxell2p@icio.us,Female,154.57.205.222
99,Rodger,Gyppes,rgyppes2q@tamu.edu,Male,152.99.194.61
100,Eugenius,Burhill,eburhill2r@ca.gov,Male,176.139.224.154
101,Andi,Siddon,asiddon2s@biglobe.ne.jp,Female,236.204.60.157
102,Ewen,Llewelyn,ellewelyn2t@addthis.com,Bigender,231.190.93.160
103,Amargo,Tranmer,atranmer2u@artisteer.com,Female,42.51.206.70
104,Matt,Seagar,mseagar2v@dagondesign.com,Male,162.128.40.96
105,Kasper,Calverd,kcalverd2w@tinyurl.com,Male,145.47.8.107
106,Lorain,Adderley,ladderley2x@japanpost.jp,Female,3.121.241.113
107,Karel,Calven,kcalven2y@springer.com,Female,122.27.254.5
108,Kristal,Erwin,kerwin2z@paypal.com,Female,167.220.123.156
109,Korey,Cheavin,kcheavin30@reverbnation.com,Male,209.36.221.207
110,Edin,Trodd,etrodd31@jigsy.com,Female,83.58.95.65
111,Lulu,Ashe,lashe32@vk.com,Female,101.204.87.3
112,Alberik,Pardi,apardi33@360.cn,Male,39.60.57.252
113,Hollie,Adelman,hadelman34@google.com.br,Female,229.111.159.138
114,Arri,Yurlov,ayurlov35@twitter.com,Genderqueer,186.242.225.103
115,Leontine,Dullingham,ldullingham36@samsung.com,Genderfluid,21.57.62.175
116,Pia,Guerola,pguerola37@hatena.ne.jp,Female,184.250.38.179
117,Emma,Monnelly,emonnelly38@va.gov,Female,242.101.26.2
118,Wilmar,McBratney,wmcbratney39@nba.com,Genderfluid,61.52.228.97
119,Rhodie,Bogays,rbogays3a@mit.edu,Female,179.96.78.63
120,Rosabel,McKimmie,rmckimmie3b@mayoclinic.com,Female,27.243.157.162
121,Charo,Trafford,ctrafford3c@hhs.gov,Female,32.128.103.192
122,Gregoor,Berndsen,gberndsen3d@unblog.fr,Male,242.25.50.53
123,Beverlee,Hargrave,bhargrave3e@skype.com,Female,243.44.96.141
124,Lorine,Garett,lgarett3f@typepad.com,Female,236.12.181.164
125,Carma,Treffrey,ctreffrey3g@cam.ac.uk,Female,148.69.166.18
126,Eldin,Muirhead,emuirhead3h@washington.edu,Male,184.91.180.181
127,Demetris,Rayson,drayson3i@histats.com,Male,62.141.114.195
128,Joelly,Comi,jcomi3j@abc.net.au,Female,87.27.254.146
129,Timmi,Skeen,tskeen3k@uol.com.br,Female,174.92.78.108
130,Noreen,Mibourne,nmibourne3l@gov.uk,Agender,69.114.95.144
131,Mortimer,Ickovitz,mickovitz3m@linkedin.com,Male,121.21.52.239
132,Reed,Rumming,rrumming3n@furl.net,Male,111.255.205.180
133,Rick,Snaith,rsnaith3o@microsoft.com,Male,20.14.82.35
134,Amye,Mc Dermid,amcdermid3p@baidu.com,Female,117.181.67.245
135,Tate,Linskill,tlinskill3q@gnu.org,Male,218.77.64.240
136,Ferne,Jeskin,fjeskin3r@last.fm,Female,173.120.4.23
137,Yolanda,Ralston,yralston3s@upenn.edu,Female,151.150.213.195
138,Katee,Cousin,kcousin3t@theglobeandmail.com,Female,111.85.1.246
139,Claudette,Tolland,ctolland3u@deliciousdays.com,Female,169.119.247.21
140,Frasquito,Scoyles,fscoyles3v@ocn.ne.jp,Male,221.125.160.6
141,Ricard,Howell,rhowell3w@intel.com,Male,236.105.211.7
142,Connor,Jakel,cjakel3x@icq.com,Male,78.129.11.218
143,Brnaby,Rameau,brameau3y@barnesandnoble.com,Male,59.12.63.11
144,Dotty,Canet,dcanet3z@wiley.com,Female,183.39.165.176
145,Tamara,Eakeley,teakeley40@reddit.com,Female,144.64.16.217
146,Anabel,Worgan,aworgan41@example.com,Genderfluid,197.62.14.3
147,Dehlia,Snuggs,dsnuggs42@weibo.com,Female,182.75.159.37
148,Jordon,Boone,jboone43@surveymonkey.com,Male,128.245.32.103
149,Maire,Kubek,mkubek44@forbes.com,Female,216.229.85.36
150,Daniele,Hamsley,dhamsley45@csmonitor.com,Female,252.11.242.243
151,Bobine,Silversmid,bsilversmid46@chicagotribune.com,Female,29.118.115.108
152,Emmeline,Whalley,ewhalley47@list-manage.com,Female,81.14.143.253
153,Jesus,McAlpine,jmcalpine48@twitpic.com,Male,7.64.164.40
154,Cari,Gillham,cgillham49@tripod.com,Non-binary,120.29.186.73
155,Ellen,Lorans,elorans4a@reverbnation.com,Female,187.223.240.177
156,Annalise,Tern,atern4b@wp.com,Female,58.216.251.54
157,Janaya,Kennsley,jkennsley4c@cbc.ca,Female,207.170.122.224
158,Ginelle,Dymick,gdymick4d@odnoklassniki.ru,Female,138.255.75.241
159,Sallee,Riddick,sriddick4e@sohu.com,Female,216.249.5.232
160,Tarrah,Steele,tsteele4f@ebay.co.uk,Female,112.255.28.74
161,Cozmo,Munson,cmunson4g@dailymotion.com,Male,30.10.33.95
162,Pearce,Llewellyn,pllewellyn4h@histats.com,Male,197.243.113.226
163,Lebbie,Spackman,lspackman4i@mail.ru,Female,81.112.119.56
164,Cordi,Kynnd,ckynnd4j@posterous.com,Female,10.171.191.91
165,Duke,Handscomb,dhandscomb4k@lulu.com,Male,203.241.239.239
166,Bettye,Heilds,bheilds4l@dropbox.com,Female,12.149.7.43
167,Alameda,Capelle,acapelle4m@fda.gov,Female,37.89.61.17
168,Christoph,Bratty,cbratty4n@nymag.com,Male,187.54.172.213
169,Hurlee,Battin,hbattin4o@tuttocitta.it,Male,12.2.65.113
170,Jareb,Rabb,jrabb4p@naver.com,Male,238.241.255.249
171,Ramon,McParlin,rmcparlin4q@ovh.net,Male,35.109.95.61
172,Myrtia,De Beneditti,mdebeneditti4r@eventbrite.com,Female,52.25.231.123
173,Paquito,Dubique,pdubique4s@ibm.com,Non-binary,146.178.214.230
174,Roana,Yakubovich,ryakubovich4t@flickr.com,Female,251.123.32.171
175,Feodor,Broadwood,fbroadwood4u@trellian.com,Male,103.63.227.241
176,Drucy,Hollier,dhollier4v@fastcompany.com,Genderfluid,187.86.170.130
177,Britney,Brychan,bbrychan4w@hud.gov,Female,97.242.191.167
178,Lorenza,Springall,lspringall4x@cdc.gov,Female,96.91.102.77
179,Artur,Grundey,agrundey4y@wordpress.com,Male,196.194.211.21
180,Jeffry,Fearneley,jfearneley4z@chron.com,Male,223.42.184.76
181,Nap,Kaser,nkaser50@angelfire.com,Male,2.189.191.23
182,Devonne,Pusill,dpusill51@i2i.jp,Non-binary,212.44.119.73
183,Joe,Joisce,jjoisce52@senate.gov,Male,229.41.62.186
184,Bessie,Cammoile,bcammoile53@vinaora.com,Female,58.108.101.239
185,Hannie,Van der Son,hvanderson54@artisteer.com,Non-binary,248.236.208.145
186,Zitella,Fidelli,zfidelli55@digg.com,Non-binary,233.54.199.78
187,Constantine,Dymocke,cdymocke56@microsoft.com,Female,85.133.189.240
188,Ferdinand,Sturges,fsturges57@bluehost.com,Male,188.64.21.121
189,Molli,Klimentyonok,mklimentyonok58@amazon.de,Female,175.122.39.237
190,Rakel,Studeart,rstudeart59@va.gov,Female,160.221.69.126
191,Pippy,Garwell,pgarwell5a@t.co,Bigender,68.34.92.181
192,Gusta,McGenn,gmcgenn5b@ca.gov,Female,144.169.155.31
193,Thatcher,Ridhole,tridhole5c@intel.com,Male,169.91.55.140
194,Kayle,Headley,kheadley5d@toplist.cz,Female,203.164.151.19
195,Minette,Clemenzi,mclemenzi5e@wordpress.org,Non-binary,76.180.67.56
196,Rikki,Yousef,ryousef5f@discuz.net,Female,60.87.65.123
197,Carly,Yashin,cyashin5g@cbslocal.com,Male,231.8.95.201
198,North,Whitecross,nwhitecross5h@scribd.com,Male,149.251.246.25
199,Rouvin,Bartalin,rbartalin5i@people.com.cn,Male,123.5.145.80
200,Daria,Bruty,dbruty5j@goo.gl,Female,80.93.15.77
201,Serge,Hofer,shofer5k@intel.com,Bigender,102.177.186.134
202,Templeton,O'Reilly,toreilly5l@abc.net.au,Male,198.245.187.213
203,Bree,Dautry,bdautry5m@wiley.com,Female,90.22.16.97
204,Gaylor,Lazer,glazer5n@reverbnation.com,Non-binary,207.154.62.103
205,Chere,Ledwitch,cledwitch5o@go.com,Female,190.192.241.102
206,Sigismondo,Hallt,shallt5p@tumblr.com,Male,37.188.239.52
207,Jsandye,Schwaiger,jschwaiger5q@army.mil,Female,166.40.155.122
208,Venita,Caizley,vcaizley5r@hexun.com,Female,221.14.120.90
209,Melanie,Arent,marent5s@psu.edu,Female,68.248.7.237
210,Martynne,Sillars,msillars5t@forbes.com,Female,229.60.161.65
211,Chen,Leverentz,cleverentz5u@printfriendly.com,Male,213.87.63.223
212,Mavis,Chaffen,mchaffen5v@washington.edu,Female,75.233.235.204
213,Woodrow,Libbey,wlibbey5w@phpbb.com,Male,237.73.69.175
214,Noelani,Terese,nterese5x@huffingtonpost.com,Female,217.136.214.140
215,Annissa,Peidro,apeidro5y@wordpress.com,Female,112.165.130.17
216,Vidovic,Dubery,vdubery5z@discuz.net,Male,158.35.80.190
217,Buddy,Swateridge,bswateridge60@blog.com,Male,1.145.255.107
218,Alden,Kulvear,akulvear61@is.gd,Bigender,48.4.193.103
219,Raleigh,Erie,rerie62@photobucket.com,Genderqueer,174.89.118.5
220,Albie,Boorer,aboorer63@state.tx.us,Male,236.104.50.142
221,Bartholomew,Whoston,bwhoston64@oaic.gov.au,Genderqueer,115.197.217.220
222,Jessi,Curteis,jcurteis65@vkontakte.ru,Female,30.222.236.164
223,Ferne,Kleehuhler,fkleehuhler66@engadget.com,Genderfluid,6.173.170.37
224,Job,Kilbane,jkilbane67@tmall.com,Male,159.186.53.0
225,Prent,Richin,prichin68@typepad.com,Male,163.247.17.223
226,Laurie,Harkness,lharkness69@chronoengine.com,Male,189.1.20.218
227,Allie,Andric,aandric6a@csmonitor.com,Male,47.126.248.28
228,Allie,Troutbeck,atroutbeck6b@cam.ac.uk,Female,255.43.226.79
229,Evangelin,Nicolson,enicolson6c@wufoo.com,Female,82.247.105.91
230,Arden,Halms,ahalms6d@ed.gov,Female,70.134.5.223
231,Hurley,Muat,hmuat6e@parallels.com,Male,206.189.195.171
232,Laird,Rase,lrase6f@chron.com,Male,106.163.154.34
233,Elonore,Byford,ebyford6g@ustream.tv,Female,103.11.230.138
234,Dallon,Braley,dbraley6h@oracle.com,Male,112.4.3.175
235,Dasie,Spikings,dspikings6i@pen.io,Female,176.118.176.60
236,Georgi,Gotfrey,ggotfrey6j@baidu.com,Male,81.180.252.81
237,Shandee,Greim,sgreim6k@clickbank.net,Female,176.59.106.0
238,Nev,Sheehy,nsheehy6l@cbslocal.com,Male,92.121.115.92
239,Buddie,Skyram,bskyram6m@fda.gov,Male,209.77.250.98
240,Corinne,Bondy,cbondy6n@admin.ch,Female,190.138.104.41
241,Nicholas,Band,nband6o@google.pl,Male,24.228.146.103
242,Margie,Topp,mtopp6p@icio.us,Female,79.22.192.87
243,Lyon,Cottu,lcottu6q@paypal.com,Agender,118.108.200.218
244,Zolly,Burwell,zburwell6r@hubpages.com,Male,211.182.116.133
245,Harli,Dingivan,hdingivan6s@technorati.com,Female,35.196.116.26
246,Kimberley,Marrows,kmarrows6t@hhs.gov,Female,107.64.149.111
247,Modestine,Reinbech,mreinbech6u@squarespace.com,Female,198.48.237.11
248,Karlis,Vise,kvise6v@phoca.cz,Male,76.84.192.112
249,Jaimie,Filipovic,jfilipovic6w@smh.com.au,Male,150.68.84.205
250,Ealasaid,Hrachovec,ehrachovec6x@cargocollective.com,Female,153.80.234.12
251,Lenna,Andrez,landrez6y@telegraph.co.uk,Genderqueer,223.201.139.180
252,Anatola,Hares,ahares6z@newsvine.com,Female,172.5.203.193
253,Liliane,Meron,lmeron70@gnu.org,Female,5.207.136.61
254,Sadella,Simnor,ssimnor71@nationalgeographic.com,Female,101.27.110.234
255,Hermie,Currington,hcurrington72@mit.edu,Male,122.141.139.231
256,Tedra,Kingswoode,tkingswoode73@pen.io,Female,36.209.5.121
257,Domeniga,Bhatia,dbhatia74@etsy.com,Female,127.76.2.17
258,Feliza,Heggison,fheggison75@jiathis.com,Female,96.32.210.105
259,Arv,Train,atrain76@surveymonkey.com,Male,201.96.172.110
260,Vick,MacPeice,vmacpeice77@java.com,Male,105.105.22.28
261,Calvin,Darnell,cdarnell78@imgur.com,Male,58.144.106.82
262,Arnoldo,Baume,abaume79@storify.com,Male,209.127.2.213
263,Lurlene,Riepel,lriepel7a@mozilla.com,Female,42.110.213.153
264,Taite,Rubbert,trubbert7b@cnbc.com,Male,48.224.27.49
265,Salomo,Brandone,sbrandone7c@amazon.co.uk,Agender,40.156.68.99
266,Trixi,Poxon,tpoxon7d@1688.com,Female,154.162.90.78
267,Barry,Ellcock,bellcock7e@google.ru,Female,34.194.131.57
268,Saunderson,Giffin,sgiffin7f@oakley.com,Male,40.236.155.154
269,Sloane,Jewster,sjewster7g@geocities.com,Male,72.128.149.97
270,Yorke,Fahrenbacher,yfahrenbacher7h@slate.com,Male,216.153.132.65
271,Ives,Ayce,iayce7i@bing.com,Male,152.228.179.79
272,Katalin,Corck,kcorck7j@huffingtonpost.com,Female,241.10.155.107
273,Lorrin,Effnert,leffnert7k@webmd.com,Female,65.236.28.68
274,Therese,Forcer,tforcer7l@cdbaby.com,Female,48.152.108.36
275,Culley,Crooks,ccrooks7m@google.ru,Male,194.10.71.228
276,Jeromy,Birdis,jbirdis7n@myspace.com,Male,107.140.185.157
277,Karole,Munehay,kmunehay7o@linkedin.com,Female,79.31.242.36
278,Katinka,Tyrer,ktyrer7p@symantec.com,Female,127.54.240.20
279,Katharyn,Kaman,kkaman7q@xing.com,Female,125.210.28.96
280,Deirdre,Langmead,dlangmead7r@nasa.gov,Female,88.218.57.218
281,Latrena,Crotch,lcrotch7s@reference.com,Female,183.249.220.138
282,Clemmy,Greenhalf,cgreenhalf7t@mapy.cz,Male,98.170.15.23
283,Freddy,Pidduck,fpidduck7u@guardian.co.uk,Female,9.25.103.18
284,Lyn,Sheal,lsheal7v@cam.ac.uk,Female,134.237.37.186
285,Daffy,Klimpke,dklimpke7w@harvard.edu,Agender,121.41.136.196
286,Karalynn,Stowe,kstowe7x@examiner.com,Female,80.146.147.221
287,Jacenta,Tether,jtether7y@ucoz.ru,Female,153.198.21.109
288,Gayler,Searsby,gsearsby7z@cbc.ca,Male,243.197.213.207
289,Helen-elizabeth,Ruffey,hruffey80@digg.com,Female,25.46.110.78
290,Fitz,Greason,fgreason81@prlog.org,Male,3.177.131.89
291,Clemmy,Haskayne,chaskayne82@usgs.gov,Female,51.225.174.174
292,Rosy,Gillbanks,rgillbanks83@wordpress.com,Female,42.133.156.225
293,Kaleena,Snow,ksnow84@shutterfly.com,Female,86.237.85.117
294,Karie,Jahndel,kjahndel85@dot.gov,Female,106.50.141.206
295,Stephan,Angeli,sangeli86@springer.com,Male,221.123.50.82
296,Lacie,Bazoche,lbazoche87@studiopress.com,Female,108.173.196.161
297,Wynnie,Fydoe,wfydoe88@icq.com,Female,32.104.78.29
298,Timothee,Redbourn,tredbourn89@ihg.com,Male,88.65.234.54
299,Leif,Yurasov,lyurasov8a@wp.com,Male,128.48.104.68
300,Milton,Kenvin,mkenvin8b@stumbleupon.com,Male,249.147.156.120
301,Grissel,Blanking,gblanking8c@webs.com,Female,252.171.21.150
302,Irene,Lawden,ilawden8d@java.com,Female,15.76.174.233
303,Clementius,Cavet,ccavet8e@so-net.ne.jp,Male,16.179.173.127
304,Tailor,Marwick,tmarwick8f@accuweather.com,Male,138.185.89.192
305,Randy,Marusik,rmarusik8g@themeforest.net,Female,64.19.135.167
306,Federico,Sherrock,fsherrock8h@uol.com.br,Bigender,168.96.138.246
307,Risa,Helmke,rhelmke8i@cnn.com,Female,77.97.91.11
308,Babbie,Boseley,bboseley8j@cpanel.net,Female,81.98.155.119
309,Dukie,Kordovani,dkordovani8k@vkontakte.ru,Male,205.237.79.123
310,Bondie,Borth,bborth8l@ycombinator.com,Male,229.241.141.168
311,Dix,Sabathier,dsabathier8m@cmu.edu,Female,122.164.176.106
312,Bethanne,Baudinelli,bbaudinelli8n@printfriendly.com,Female,177.164.49.0
313,Lothaire,Heighton,lheighton8o@storify.com,Male,189.80.86.171
314,Judy,Coupland,jcoupland8p@blogtalkradio.com,Female,208.110.10.36
315,Bevvy,Mustchin,bmustchin8q@gizmodo.com,Agender,165.183.175.37
316,Caroline,Birkby,cbirkby8r@webnode.com,Female,150.25.138.137
317,Suzanna,Corcoran,scorcoran8s@virginia.edu,Female,219.211.242.39
318,Jacquenette,Ector,jector8t@nyu.edu,Female,103.117.125.41
319,Thomas,Greystoke,tgreystoke8u@ed.gov,Male,41.61.91.136
320,Thornton,Sly,tsly8v@yahoo.com,Male,248.32.136.211
321,Yelena,Peaker,ypeaker8w@hatena.ne.jp,Female,103.26.197.218
322,Wallie,Stanbrooke,wstanbrooke8x@creativecommons.org,Female,100.246.19.191
323,Dag,Fontelles,dfontelles8y@admin.ch,Male,6.166.185.54
324,Deny,Chin,dchin8z@forbes.com,Female,79.118.146.166
325,Jerry,Startin,jstartin90@cpanel.net,Male,31.42.141.105
326,Yale,Ambrodi,yambrodi91@msn.com,Polygender,151.150.33.17
327,Yuri,Vennings,yvennings92@techcrunch.com,Male,153.159.182.112
328,Jessica,Rackley,jrackley93@cisco.com,Female,82.214.214.198
329,Rancell,Molohan,rmolohan94@t.co,Male,46.246.41.12
330,Thadeus,Flawn,tflawn95@google.co.jp,Male,180.55.141.97
331,Magnum,Conti,mconti96@nydailynews.com,Male,197.238.105.45
332,Marco,Northall,mnorthall97@zimbio.com,Male,154.74.150.148
333,Rorke,Giraudat,rgiraudat98@newsvine.com,Male,171.79.241.175
334,Valry,Messer,vmesser99@seattletimes.com,Female,47.55.135.142
335,Phip,Tapper,ptapper9a@cisco.com,Male,225.43.26.78
336,Wendall,Hutchin,whutchin9b@dedecms.com,Male,241.69.165.241
337,Minnaminnie,Santora,msantora9c@europa.eu,Female,253.146.193.58
338,Aristotle,Kluge,akluge9d@europa.eu,Male,228.22.166.143
339,Germaine,Falla,gfalla9e@discovery.com,Female,96.80.157.143
340,Arley,Vedstra,avedstra9f@alexa.com,Male,54.168.216.59
341,Odella,Petto,opetto9g@about.me,Female,240.236.220.12
342,Addy,Boteman,aboteman9h@fotki.com,Male,24.59.84.220
343,Tabatha,Guerrieri,tguerrieri9i@networksolutions.com,Female,50.222.203.8
344,Godiva,Mahy,gmahy9j@sakura.ne.jp,Agender,30.227.5.160
345,Eva,Blatcher,eblatcher9k@friendfeed.com,Female,51.104.88.231
346,Vince,Maypother,vmaypother9l@huffingtonpost.com,Male,156.167.201.64
347,Guenna,Pimblett,gpimblett9m@eepurl.com,Female,156.199.72.1
348,Missy,Molen,mmolen9n@sohu.com,Bigender,222.185.173.1
349,Rebe,Vigurs,rvigurs9o@qq.com,Female,45.69.85.243
350,Fernandina,Yaknov,fyaknov9p@shareasale.com,Female,55.112.14.204
351,Suzi,Petyt,spetyt9q@jugem.jp,Non-binary,36.106.114.155
352,Lynnet,Kenion,lkenion9r@sina.com.cn,Female,85.62.31.94
353,Der,Wrassell,dwrassell9s@tamu.edu,Male,214.236.17.9
354,Laurette,Muxworthy,lmuxworthy9t@oaic.gov.au,Female,167.101.165.244
355,Rodina,Wolver,rwolver9u@msn.com,Female,133.89.175.197
356,Swen,Walesa,swalesa9v@tripod.com,Male,251.112.79.31
357,Barney,Northcote,bnorthcote9w@stumbleupon.com,Polygender,77.103.172.243
358,Cherilyn,Dorre,cdorre9x@squidoo.com,Female,8.19.133.18
359,Temp,Beaumont,tbeaumont9y@washingtonpost.com,Male,68.180.24.184
360,Pandora,Bramich,pbramich9z@scribd.com,Female,199.174.208.160
361,Tom,Minerdo,tminerdoa0@tmall.com,Male,224.29.225.23
362,Clifford,Wetherill,cwetherilla1@jalbum.net,Male,96.161.189.181
363,Saunders,Kinsman,skinsmana2@prnewswire.com,Male,77.222.82.95
364,Merna,Lidyard,mlidyarda3@slate.com,Female,173.195.143.246
365,Ruthanne,Tomsa,rtomsaa4@t.co,Female,147.188.69.123
366,Gretel,Ternouth,gternoutha5@ifeng.com,Female,185.28.110.73
367,Russ,Yell,ryella6@constantcontact.com,Polygender,147.111.198.6
368,Isador,Geekie,igeekiea7@angelfire.com,Male,48.239.167.187
369,Maximilian,Lille,mlillea8@live.com,Male,243.36.220.93
370,Tripp,Sumers,tsumersa9@mayoclinic.com,Male,180.112.16.214
371,Bridie,Cansdill,bcansdillaa@bandcamp.com,Female,203.114.145.144
372,Camel,Prando,cprandoab@joomla.org,Genderfluid,25.95.82.155
373,Tirrell,Galliver,tgalliverac@java.com,Male,129.109.242.229
374,William,De Blasiis,wdeblasiisad@msn.com,Male,198.210.225.199
375,Trina,Gebbe,tgebbeae@naver.com,Female,92.21.156.114
376,Loraine,McSherry,lmcsherryaf@booking.com,Female,247.40.189.101
377,Bria,Lyttle,blyttleag@aol.com,Female,2.189.216.8
378,Magdaia,Kippie,mkippieah@google.cn,Female,247.242.223.54
379,Morissa,Iacoboni,miacoboniai@mail.ru,Female,167.21.78.46
380,Julina,Delouch,jdelouchaj@google.com.au,Female,183.81.199.135
381,Rafferty,Germann,rgermannak@wikia.com,Male,33.252.31.178
382,Kale,Baison,kbaisonal@dropbox.com,Male,43.141.94.244
383,Honor,Kliemchen,hkliemchenam@globo.com,Female,153.64.69.231
384,Janaye,Bumpus,jbumpusan@census.gov,Female,179.53.63.240
385,Dana,Reyburn,dreyburnao@pagesperso-orange.fr,Polygender,26.140.204.15
386,Thain,Avison,tavisonap@ustream.tv,Male,30.71.4.195
387,Leila,Tarr,ltarraq@ibm.com,Female,211.61.30.255
388,Worden,Akester,wakesterar@dailymotion.com,Male,143.131.198.106
389,Janel,Thonger,jthongeras@phoca.cz,Female,172.232.95.219
390,Melisande,Regardsoe,mregardsoeat@cloudflare.com,Female,229.207.10.15
391,Elmore,St Quenin,estqueninau@independent.co.uk,Male,147.144.183.7
392,Kerby,Bolan,kbolanav@facebook.com,Male,250.215.238.137
393,Staci,Halson,shalsonaw@msu.edu,Female,210.173.2.93
394,Raeann,Thoms,rthomsax@yahoo.co.jp,Female,102.6.127.125
395,Billye,West-Frimley,bwestfrimleyay@narod.ru,Female,155.46.109.39
396,Sigmund,Caulkett,scaulkettaz@pen.io,Male,148.142.78.38
397,Constantin,Feben,cfebenb0@oaic.gov.au,Male,80.186.144.172
398,Emmet,Starford,estarfordb1@amazon.com,Male,115.239.25.72
399,Bryant,Ballchin,bballchinb2@studiopress.com,Male,205.198.107.102
400,Margaux,Konerding,mkonerdingb3@odnoklassniki.ru,Female,73.227.209.68
401,Freddi,Martusewicz,fmartusewiczb4@dropbox.com,Female,156.144.45.194
402,Frank,Wiggins,fwigginsb5@bbc.co.uk,Male,103.231.212.122
403,Kinsley,Waldera,kwalderab6@soundcloud.com,Male,75.103.221.43
404,Currey,Tivnan,ctivnanb7@usgs.gov,Male,211.112.51.227
405,Garth,Vollam,gvollamb8@instagram.com,Male,243.45.140.20
406,Arlyn,Bathurst,abathurstb9@china.com.cn,Female,36.168.60.14
407,Isadora,Shurville,ishurvilleba@amazon.co.jp,Bigender,45.131.45.213
408,Marc,Lusted,mlustedbb@simplemachines.org,Male,200.226.244.180
409,Parker,Tippett,ptippettbc@nymag.com,Male,147.126.80.19
410,Imogene,Farlam,ifarlambd@taobao.com,Female,115.0.149.165
411,Lev,Fullick,lfullickbe@4shared.com,Bigender,90.153.150.20
412,Meryl,Baxstare,mbaxstarebf@rediff.com,Male,9.29.118.216
413,Shurlock,Milverton,smilvertonbg@nasa.gov,Male,94.143.178.69
414,Karrie,Vallentin,kvallentinbh@salon.com,Female,77.33.208.252
415,Lucretia,Camacke,lcamackebi@bing.com,Female,219.248.59.216
416,Jessika,Bezants,jbezantsbj@ezinearticles.com,Female,75.83.108.61
417,Ignacius,Wibrow,iwibrowbk@eventbrite.com,Male,245.240.144.135
418,Rasla,Leads,rleadsbl@xrea.com,Female,244.10.121.79
419,Leonid,Georghiou,lgeorghioubm@auda.org.au,Male,214.163.103.212
420,Brodie,Bartolacci,bbartolaccibn@blogspot.com,Male,150.184.85.181
421,Sibylla,Lutas,slutasbo@dot.gov,Female,6.174.145.169
422,Felice,Thewless,fthewlessbp@rediff.com,Male,114.243.43.197
423,Bobette,Ruggieri,bruggieribq@drupal.org,Non-binary,251.212.208.95
424,Giacopo,Whitely,gwhitelybr@toplist.cz,Male,164.212.81.247
425,Georgine,Balmadier,gbalmadierbs@archive.org,Female,7.222.100.49
426,Heall,Ramsbotham,hramsbothambt@opensource.org,Male,91.39.28.94
427,Dwayne,Dodshun,ddodshunbu@technorati.com,Male,206.40.31.51
428,Loralie,Butland,lbutlandbv@wikipedia.org,Female,139.6.5.152
429,Amie,Stennings,astenningsbw@digg.com,Female,244.243.21.108
430,Carlen,Vallintine,cvallintinebx@tripod.com,Female,143.109.64.34
431,Junia,Benning,jbenningby@scientificamerican.com,Female,210.157.35.74
432,Vince,Carragher,vcarragherbz@acquirethisname.com,Male,155.132.144.45
433,Olympie,St. Queintain,ostqueintainc0@exblog.jp,Non-binary,234.10.141.160
434,Benedikt,Duinkerk,bduinkerkc1@youku.com,Male,1.214.198.87
435,Gabriellia,Tremberth,gtremberthc2@bravesites.com,Female,113.33.102.145
436,Meier,Stuckow,mstuckowc3@comsenz.com,Genderqueer,91.102.181.67
437,Massimo,Skechley,mskechleyc4@squidoo.com,Male,140.117.115.29
438,Cris,Leblanc,cleblancc5@phpbb.com,Female,228.239.210.197
439,Katharyn,Machan,kmachanc6@amazon.com,Female,228.117.11.52
440,Delcine,Wedlake,dwedlakec7@shareasale.com,Female,217.226.195.129
441,Dede,Timms,dtimmsc8@blogspot.com,Female,34.22.182.235
442,Gloria,Lafranconi,glafranconic9@nymag.com,Bigender,162.231.140.81
443,Latrina,Hanmer,lhanmerca@surveymonkey.com,Female,46.175.205.26
444,Thibaut,Ridolfo,tridolfocb@macromedia.com,Bigender,63.248.131.0
445,Eddie,Stoile,estoilecc@go.com,Female,32.81.194.212
446,Bettina,Hafner,bhafnercd@nba.com,Female,92.176.244.56
447,Elsi,Coverley,ecoverleyce@bravesites.com,Female,204.34.205.191
448,Cordy,Kyneton,ckynetoncf@slideshare.net,Female,40.124.184.83
449,Creigh,Care,ccarecg@blogspot.com,Male,72.155.127.143
450,Domingo,Frise,dfrisech@blogger.com,Male,86.150.4.31
451,Nev,Himsworth,nhimsworthci@independent.co.uk,Male,33.201.92.200
452,Blane,Brimley,bbrimleycj@wsj.com,Male,166.197.74.84
453,Tomas,Esilmon,tesilmonck@businessinsider.com,Male,134.63.132.157
454,Tabbatha,Shankle,tshanklecl@addtoany.com,Female,239.1.62.127
455,Innis,Saull,isaullcm@blinklist.com,Male,251.161.138.194
456,Mamie,Noquet,mnoquetcn@netvibes.com,Female,141.70.185.29
457,Garrett,Deegan,gdeeganco@ucsd.edu,Male,188.159.44.187
458,Emelda,Wildash,ewildashcp@bloomberg.com,Female,43.57.104.251
459,Bernita,Collyns,bcollynscq@simplemachines.org,Female,187.92.120.104
460,Rachael,Rubinchik,rrubinchikcr@issuu.com,Female,81.69.128.146
461,Aurelia,Kolyagin,akolyagincs@ca.gov,Female,152.56.226.235
462,Braden,Woan,bwoanct@ocn.ne.jp,Male,102.222.81.24
463,Neville,Lassetter,nlassettercu@purevolume.com,Male,209.169.122.90
464,Dall,Hagan,dhagancv@fda.gov,Male,153.39.101.204
465,Stanislaw,Nelissen,snelissencw@clickbank.net,Male,203.255.163.15
466,Hayward,Fayter,hfaytercx@digg.com,Male,27.11.221.174
467,Nicolais,Ruppel,nruppelcy@symantec.com,Male,47.19.226.157
468,Bernie,Greene,bgreenecz@mediafire.com,Female,145.167.54.67
469,Kimball,Caville,kcavilled0@paypal.com,Male,50.151.40.36
470,Auguste,O'Corrin,aocorrind1@europa.eu,Female,120.14.249.77
471,Frank,Waycot,fwaycotd2@opera.com,Female,194.251.13.53
472,Lavinie,Crudgington,lcrudgingtond3@about.com,Female,193.163.180.225
473,Gottfried,Wemyss,gwemyssd4@cbsnews.com,Male,45.126.65.46
474,Winn,Galero,wgalerod5@alexa.com,Male,32.70.193.109
475,Jonis,Dean,jdeand6@java.com,Female,83.98.152.177
476,Selina,Gauvain,sgauvaind7@nytimes.com,Female,121.83.187.159
477,Mitchael,Oswal,moswald8@bandcamp.com,Male,209.6.195.115
478,Lezley,Clever,lcleverd9@salon.com,Male,141.99.237.184
479,Douglas,Blazdell,dblazdellda@devhub.com,Male,51.21.59.43
480,Rossie,Schuchmacher,rschuchmacherdb@guardian.co.uk,Male,253.170.161.207
481,Adelina,Mercy,amercydc@bandcamp.com,Female,166.76.97.129
482,Neill,Thrustle,nthrustledd@wordpress.com,Male,90.21.32.112
483,Bethena,Poynter,bpoynterde@redcross.org,Female,217.110.2.225
484,Anselm,Gaughan,agaughandf@etsy.com,Male,69.216.203.48
485,Rosemary,Higgoe,rhiggoedg@infoseek.co.jp,Female,97.125.73.28
486,Seward,Millsom,smillsomdh@sciencedaily.com,Bigender,229.16.165.245
487,Ddene,Pierrepoint,dpierrepointdi@census.gov,Female,163.76.84.87
488,Olia,Purvey,opurveydj@tripod.com,Female,40.109.51.116
489,Agnella,Yeskov,ayeskovdk@hc360.com,Female,33.179.26.51
490,Crysta,Hestrop,chestropdl@lulu.com,Agender,196.118.85.122
491,Lionello,Greed,lgreeddm@exblog.jp,Male,237.43.43.222
492,Saba,Davydzenko,sdavydzenkodn@printfriendly.com,Female,225.138.144.203
493,Clark,Libreros,clibrerosdo@list-manage.com,Agender,194.3.168.187
494,Emelina,Valencia,evalenciadp@simplemachines.org,Genderfluid,107.182.79.164
495,Constanta,Tudhope,ctudhopedq@nydailynews.com,Female,42.175.180.188
496,Eugenie,Seers,eseersdr@discovery.com,Female,77.204.55.119
497,Joell,Kopecka,jkopeckads@imgur.com,Female,7.190.97.37
498,Ulric,Mansbridge,umansbridgedt@spotify.com,Male,35.255.46.70
499,Giuseppe,Roblett,groblettdu@gizmodo.com,Male,242.151.126.74
500,Lauritz,Klemencic,lklemencicdv@jigsy.com,Polygender,73.123.10.76
501,Giacinta,McAughtry,gmcaughtrydw@sina.com.cn,Female,135.49.161.147
502,Sly,Glashby,sglashbydx@imdb.com,Male,6.195.110.126
503,Gal,Shury,gshurydy@skyrock.com,Male,90.150.21.151
504,Tami,Busfield,tbusfielddz@is.gd,Genderfluid,39.112.7.108
505,Anson,Lacroux,alacrouxe0@acquirethisname.com,Male,193.39.55.180
506,Manolo,Bunn,mbunne1@hibu.com,Male,154.164.210.115
507,Brantley,Rabl,brable2@desdev.cn,Male,186.244.56.215
508,Phil,Plumbe,pplumbee3@mtv.com,Male,221.225.103.67
509,Clari,Laskey,claskeye4@miitbeian.gov.cn,Female,204.105.57.196
510,Amby,Morin,amorine5@mediafire.com,Male,83.188.163.100
511,Sean,Haffenden,shaffendene6@youtu.be,Genderfluid,101.229.148.116
512,Rickie,Fargher,rfarghere7@springer.com,Female,17.83.118.3
513,Merwin,MacCrachen,mmaccrachene8@ifeng.com,Male,104.202.104.165
514,Caspar,McChruiter,cmcchruitere9@g.co,Male,174.90.145.224
515,Bernice,Hixson,bhixsonea@simplemachines.org,Female,229.13.249.225
516,Rosco,Nenci,rnencieb@apple.com,Genderfluid,135.146.44.205
517,Matti,Kluger,mklugerec@shinystat.com,Female,7.154.163.187
518,Issiah,Buckles,ibucklesed@cmu.edu,Male,150.189.255.48
519,Nelia,Crellim,ncrellimee@ucla.edu,Female,90.33.182.95
520,Lucien,Scadding,lscaddingef@google.com.au,Genderfluid,96.92.54.145
521,Randi,Dugan,rduganeg@patch.com,Agender,0.164.193.44
522,Pollyanna,Sumbler,psumblereh@gmpg.org,Female,96.243.198.125
523,Karel,Cavalier,kcavalierei@marketwatch.com,Male,167.51.176.233
524,Blakeley,Tamblingson,btamblingsonej@printfriendly.com,Female,53.211.251.162
525,Brit,Alforde,balfordeek@intel.com,Female,103.196.196.210
526,Loydie,Heading,lheadingel@google.nl,Male,162.212.90.13
527,El,Hemphrey,ehemphreyem@netscape.com,Male,128.169.145.130
528,Winifred,Cammis,wcammisen@google.com,Female,215.25.76.91
529,Alikee,Gowrie,agowrieeo@1und1.de,Agender,205.166.84.188
530,Thomasine,Donet,tdonetep@bloomberg.com,Female,230.142.228.241
531,Alvis,Renfree,arenfreeeq@army.mil,Male,230.30.39.65
532,Tally,Antonomolii,tantonomoliier@earthlink.net,Female,104.116.22.217
533,Jammie,Cluett,jcluettes@g.co,Female,53.247.187.191
534,William,McVrone,wmcvroneet@nytimes.com,Male,225.176.254.81
535,Derward,Glossop,dglossopeu@fastcompany.com,Agender,62.163.232.93
536,Horacio,Raikes,hraikesev@columbia.edu,Male,187.152.246.187
537,Lucias,Roan,lroanew@cnet.com,Male,129.227.210.132
538,Mureil,Rippin,mrippinex@netlog.com,Female,203.77.143.95
539,Logan,Wolver,lwolverey@nationalgeographic.com,Male,27.1.214.104
540,Frederique,Kerins,fkerinsez@imgur.com,Female,170.232.97.176
541,Diane-marie,Bartolic,dbartolicf0@meetup.com,Female,10.12.142.71
542,Nanon,Tyce,ntycef1@360.cn,Female,2.149.161.82
543,Judah,Bendan,jbendanf2@google.co.jp,Male,92.174.94.64
544,Maura,Hauck,mhauckf3@imageshack.us,Female,168.109.83.184
545,Alec,Titlow,atitlowf4@gov.uk,Male,227.249.61.156
546,Katharyn,Traves,ktravesf5@army.mil,Female,224.11.225.37
547,Natty,Rathbourne,nrathbournef6@amazonaws.com,Female,236.216.120.131
548,Crichton,Bridgewood,cbridgewoodf7@de.vu,Male,125.162.200.46
549,Keenan,Oakland,koaklandf8@free.fr,Male,46.1.13.102
550,Carree,Fillimore,cfillimoref9@redcross.org,Female,167.102.83.21
551,Artur,Sugge,asuggefa@vimeo.com,Male,190.222.216.235
552,Cinda,Stringfellow,cstringfellowfb@berkeley.edu,Female,19.101.196.177
553,Ginevra,Jackett,gjackettfc@mtv.com,Female,153.231.54.66
554,Tanner,Pughe,tpughefd@blogtalkradio.com,Male,128.75.195.239
555,Iorgo,Ceeley,iceeleyfe@infoseek.co.jp,Male,224.33.214.34
556,Ethan,Guesford,eguesfordff@xrea.com,Male,127.86.108.200
557,Milly,McAmish,mmcamishfg@php.net,Female,238.210.78.157
558,Jacky,Pennazzi,jpennazzifh@mail.ru,Female,95.220.3.25
559,Gloriane,Maberley,gmaberleyfi@goo.gl,Female,45.155.169.204
560,Fernando,Godney,fgodneyfj@hao123.com,Male,202.195.155.224
561,Jena,Draisey,jdraiseyfk@acquirethisname.com,Female,144.136.8.101
562,Christabella,Drury,cdruryfl@instagram.com,Female,70.119.30.165
563,Noble,Menicomb,nmenicombfm@amazon.co.jp,Male,137.92.250.207
564,Leila,O'Corrigane,locorriganefn@wix.com,Female,42.2.15.76
565,Merrick,Arundell,marundellfo@exblog.jp,Male,144.177.235.64
566,Madelyn,Adao,madaofp@boston.com,Non-binary,41.22.181.132
567,Caril,Cardenosa,ccardenosafq@apache.org,Female,128.89.82.48
568,Byron,Clausson,bclaussonfr@npr.org,Male,197.98.111.212
569,Romeo,Jerdein,rjerdeinfs@upenn.edu,Male,40.94.185.161
570,Halimeda,Inglesant,hinglesantft@accuweather.com,Female,8.114.152.107
571,Rose,Fierman,rfiermanfu@clickbank.net,Female,186.163.94.163
572,Brenden,Chaperlin,bchaperlinfv@usnews.com,Male,225.129.224.97
573,Trix,Sarjent,tsarjentfw@nhs.uk,Female,81.136.208.233
574,Egon,Minchindon,eminchindonfx@360.cn,Male,184.36.174.192
575,Wyn,Church,wchurchfy@artisteer.com,Male,66.2.255.19
576,Darill,Gingedale,dgingedalefz@51.la,Male,5.233.67.213
577,Adam,Thripp,athrippg0@epa.gov,Male,153.43.93.4
578,Dorthea,Christall,dchristallg1@360.cn,Female,141.158.77.184
579,Jan,Unwins,junwinsg2@wix.com,Female,196.22.13.246
580,Svend,Aloshkin,saloshking3@ed.gov,Bigender,235.7.27.236
581,Adey,McGhee,amcgheeg4@tripod.com,Female,209.67.238.200
582,Joanne,Olufsen,jolufseng5@wikipedia.org,Female,38.168.112.184
583,Delphinia,Colliar,dcolliarg6@fc2.com,Female,185.146.2.3
584,Sophi,Ielden,sieldeng7@about.com,Genderfluid,212.2.95.100
585,Dix,Burberry,dburberryg8@usgs.gov,Female,8.235.97.51
586,Trace,Noorwood,tnoorwoodg9@t.co,Male,183.214.0.180
587,Fransisco,Kalkhoven,fkalkhovenga@china.com.cn,Male,103.99.125.96
588,Lynnette,Mobley,lmobleygb@usda.gov,Female,0.187.89.22
589,Tasia,Greschke,tgreschkegc@edublogs.org,Female,142.43.51.170
590,Chiquia,Beldom,cbeldomgd@icio.us,Female,6.29.130.238
591,Bridie,Jakov,bjakovge@pagesperso-orange.fr,Female,25.128.251.167
592,Mirabella,Dockery,mdockerygf@gravatar.com,Genderfluid,220.194.244.173
593,Mireille,Holleworth,mholleworthgg@gizmodo.com,Female,60.39.169.43
594,Kristi,Farlambe,kfarlambegh@goo.ne.jp,Genderqueer,227.159.67.178
595,Mahalia,McKennan,mmckennangi@seattletimes.com,Female,194.81.95.185
596,Margarete,Inkpen,minkpengj@bigcartel.com,Female,239.220.196.141
597,Carlye,Bursnall,cbursnallgk@disqus.com,Female,13.0.108.254
598,Braden,Garbutt,bgarbuttgl@networksolutions.com,Male,169.153.12.1
599,Evangelia,Ellul,eellulgm@chicagotribune.com,Non-binary,21.11.245.242
600,Pippa,Saurin,psauringn@globo.com,Female,97.177.67.22
601,Inness,Deakes,ideakesgo@ycombinator.com,Male,123.216.156.209
602,Schuyler,Jakubovski,sjakubovskigp@salon.com,Male,169.65.224.203
603,Evered,Will,ewillgq@seattletimes.com,Male,81.108.205.67
604,Florette,Rhys,frhysgr@sbwire.com,Female,59.101.140.202
605,Marco,Battill,mbattillgs@paginegialle.it,Male,205.48.46.188
606,Tomaso,Berns,tbernsgt@nbcnews.com,Male,143.48.197.29
607,Lin,Chewter,lchewtergu@wisc.edu,Female,165.146.87.70
608,Antonius,Blazeby,ablazebygv@psu.edu,Male,148.47.12.33
609,Kristen,Jaszczak,kjaszczakgw@marriott.com,Female,215.4.14.158
610,Kristen,Duffrie,kduffriegx@wisc.edu,Female,182.178.237.127
611,Manolo,Tellenbrok,mtellenbrokgy@so-net.ne.jp,Male,45.169.8.164
612,Dennet,Munford,dmunfordgz@europa.eu,Male,236.114.106.174
613,Thorin,Prosh,tproshh0@samsung.com,Male,178.192.128.41
614,Patsy,Jeandillou,pjeandillouh1@dedecms.com,Genderqueer,244.180.190.111
615,Humbert,Paxforde,hpaxfordeh2@hatena.ne.jp,Male,166.98.105.5
616,Dieter,Cast,dcasth3@patch.com,Agender,112.219.30.253
617,Nicolle,Wilfing,nwilfingh4@feedburner.com,Female,191.69.217.224
618,Ebba,Paike,epaikeh5@theguardian.com,Female,236.156.1.53
619,Paul,Luchelli,pluchellih6@artisteer.com,Male,175.54.220.7
620,Kellie,Kesteven,kkestevenh7@cnet.com,Female,178.14.243.137
621,Modestia,Grigore,mgrigoreh8@telegraph.co.uk,Female,210.146.211.103
622,Matthew,Dolby,mdolbyh9@etsy.com,Agender,20.188.223.93
623,Murdock,Yakunchikov,myakunchikovha@guardian.co.uk,Male,2.82.68.214
624,Susanetta,Kippie,skippiehb@zdnet.com,Female,183.241.173.119
625,Merridie,Rearden,mreardenhc@over-blog.com,Female,54.207.43.136
626,Andrea,Boulding,abouldinghd@chronoengine.com,Female,245.92.170.77
627,Steffane,Cromie,scromiehe@cornell.edu,Female,226.30.228.113
628,Ruth,Crosher,rcrosherhf@t-online.de,Female,238.103.84.97
629,Kyla,McCree,kmccreehg@a8.net,Female,81.29.216.114
630,Dotti,McCosh,dmccoshhh@multiply.com,Female,88.174.73.246
631,Gun,Matson,gmatsonhi@comcast.net,Male,150.70.92.153
632,Queenie,Ragsdall,qragsdallhj@google.ca,Female,146.227.83.46
633,Eilis,Kelland,ekellandhk@fotki.com,Female,28.227.144.20
634,Mariel,Plowes,mploweshl@ebay.com,Female,66.125.77.11
635,Bernelle,Janouch,bjanouchhm@nbcnews.com,Female,240.67.106.252
636,Waneta,Maciaszek,wmaciaszekhn@addthis.com,Female,17.95.251.136
637,Rowena,Eddow,reddowho@cdbaby.com,Agender,241.152.204.252
638,Alon,Ashforth,aashforthhp@thetimes.co.uk,Male,36.139.234.47
639,Benny,Head,bheadhq@hugedomains.com,Female,148.115.99.140
640,Maribeth,Grannell,mgrannellhr@oakley.com,Female,144.30.94.55
641,Rani,Sodo,rsodohs@stumbleupon.com,Female,139.141.233.50
642,Kean,Ziemecki,kziemeckiht@imageshack.us,Male,206.23.103.92
643,Reggy,Spoure,rspourehu@howstuffworks.com,Male,145.131.176.244
644,Mandel,Godwyn,mgodwynhv@furl.net,Male,71.172.189.43
645,Ole,Yeiles,oyeileshw@sina.com.cn,Male,122.205.74.19
646,Estella,Kempson,ekempsonhx@slideshare.net,Bigender,204.201.127.9
647,Homerus,Hrinishin,hhrinishinhy@fc2.com,Male,115.139.142.32
648,Jennette,Rushby,jrushbyhz@mit.edu,Female,65.254.62.38
649,Roddie,Coakley,rcoakleyi0@mlb.com,Male,4.161.34.219
650,Andy,Pepper,apepperi1@uiuc.edu,Male,60.197.130.79
651,Brigitta,Merkel,bmerkeli2@prlog.org,Female,110.177.102.54
652,Dario,Symones,dsymonesi3@so-net.ne.jp,Male,3.136.94.224
653,Giffy,Woodward,gwoodwardi4@marriott.com,Male,182.48.215.32
654,Con,Fanshawe,cfanshawei5@tinypic.com,Male,120.0.108.88
655,Fancy,Flageul,fflageuli6@bravesites.com,Genderqueer,94.115.192.156
656,Philip,Asman,pasmani7@ibm.com,Male,56.123.109.129
657,Turner,Strother,tstrotheri8@yandex.ru,Male,185.123.75.40
658,Humbert,Wince,hwincei9@census.gov,Polygender,148.12.70.156
659,Gabie,Emsden,gemsdenia@mtv.com,Male,215.97.48.28
660,Isis,Peakman,ipeakmanib@oaic.gov.au,Female,239.149.153.75
661,Kellby,Fitch,kfitchic@yolasite.com,Male,158.62.134.146
662,Jeremias,Pickford,jpickfordid@fastcompany.com,Male,17.200.110.237
663,Pietrek,Heyball,pheyballie@163.com,Male,170.76.165.138
664,Pavia,Lacroux,placrouxif@goo.ne.jp,Female,247.57.123.37
665,Friederike,Ellerker,fellerkerig@addthis.com,Female,72.164.93.54
666,Peggi,Strete,pstreteih@berkeley.edu,Female,87.153.197.59
667,Ulrike,Forson,uforsonii@thetimes.co.uk,Female,99.78.117.248
668,Nana,Oddy,noddyij@cloudflare.com,Genderfluid,35.53.119.56
669,Katerina,Scoffham,kscoffhamik@tamu.edu,Female,228.75.86.72
670,Kent,Hirsthouse,khirsthouseil@indiegogo.com,Male,191.108.123.122
671,Andree,Denisevich,adenisevichim@bbc.co.uk,Female,27.8.149.248
672,Marita,Kornacki,mkornackiin@barnesandnoble.com,Female,60.18.115.75
673,Raynell,Beardsell,rbeardsellio@arstechnica.com,Female,117.221.27.120
674,Nertie,Scottini,nscottiniip@ucla.edu,Female,194.60.49.244
675,Lamar,Cosins,lcosinsiq@archive.org,Male,90.94.78.115
676,Mattie,Brimley,mbrimleyir@list-manage.com,Female,88.164.204.74
677,Evita,Buckeridge,ebuckeridgeis@meetup.com,Female,184.21.67.207
678,Wadsworth,Alvin,walvinit@woothemes.com,Male,8.210.108.247
679,Jard,Tonbye,jtonbyeiu@vkontakte.ru,Male,7.182.74.123
680,Rene,Jones,rjonesiv@eepurl.com,Female,193.211.116.225
681,Dag,Ludron,dludroniw@vkontakte.ru,Male,188.140.213.50
682,Lay,Ahlf,lahlfix@guardian.co.uk,Male,201.223.35.111
683,Darcey,Shillaker,dshillakeriy@nps.gov,Female,193.11.139.37
684,Lianna,Straw,lstrawiz@is.gd,Female,89.122.171.102
685,Luce,L'Homme,llhommej0@paginegialle.it,Male,120.198.137.116
686,Farr,Patis,fpatisj1@github.com,Male,228.69.57.46
687,Niccolo,Lightning,nlightningj2@goo.gl,Male,213.122.90.76
688,Lorin,Pennycock,lpennycockj3@last.fm,Male,155.132.109.242
689,Stu,Simonett,ssimonettj4@time.com,Male,88.189.193.103
690,Pegeen,Gorling,pgorlingj5@cargocollective.com,Agender,254.199.39.89
691,Rubetta,Insall,rinsallj6@google.ca,Female,97.122.194.181
692,Eachelle,Pinilla,epinillaj7@addthis.com,Female,175.109.163.237
693,Davey,Bengtsson,dbengtssonj8@yahoo.com,Genderfluid,153.133.8.45
694,Panchito,Roman,promanj9@1und1.de,Male,68.51.46.235
695,Belle,Stone Fewings,bstonefewingsja@zdnet.com,Female,118.10.95.202
696,Pepi,Gomes,pgomesjb@indiatimes.com,Female,247.143.83.181
697,Lonnie,Zanelli,lzanellijc@bigcartel.com,Male,95.192.122.149
698,Ronald,Warland,rwarlandjd@yandex.ru,Male,94.124.243.131
699,Giffer,Hall-Gough,ghallgoughje@yandex.ru,Male,212.211.141.153
700,Lara,Giles,lgilesjf@php.net,Female,31.67.39.84
701,Wally,Hoovart,whoovartjg@drupal.org,Genderfluid,230.119.233.13
702,Cecilio,Ferbrache,cferbrachejh@yahoo.co.jp,Male,171.252.66.96
703,Baxy,Doret,bdoretji@wiley.com,Male,134.204.221.207
704,Haze,Sturm,hsturmjj@samsung.com,Male,28.69.4.104
705,Barton,Hallbird,bhallbirdjk@skype.com,Male,61.174.148.198
706,Josselyn,Fransoni,jfransonijl@npr.org,Female,184.81.12.158
707,Oriana,Bradnocke,obradnockejm@addtoany.com,Female,26.10.5.197
708,Elton,Gurnell,egurnelljn@kickstarter.com,Male,128.73.83.203
709,Constantina,Huikerby,chuikerbyjo@hibu.com,Female,17.18.187.252
710,Kristen,McCrostie,kmccrostiejp@hud.gov,Female,49.203.184.75
711,Zelig,Chrestien,zchrestienjq@omniture.com,Male,17.80.80.9
712,Barri,Durman,bdurmanjr@chronoengine.com,Male,188.27.56.104
713,Brnaby,Baudou,bbaudoujs@mozilla.com,Non-binary,35.118.59.112
714,Revkah,Dayly,rdaylyjt@un.org,Female,84.239.44.178
715,Filippa,Temperton,ftempertonju@imgur.com,Female,237.255.120.192
716,Lammond,Pexton,lpextonjv@aol.com,Male,142.34.118.4
717,Serena,Hovell,shovelljw@dropbox.com,Female,28.123.72.255
718,Stacee,McDonnell,smcdonnelljx@godaddy.com,Male,191.54.97.239
719,Charyl,Mitskevich,cmitskevichjy@123-reg.co.uk,Female,1.94.92.48
720,Antonius,Bolderstone,abolderstonejz@omniture.com,Male,120.127.4.95
721,Elsey,De Vries,edevriesk0@netlog.com,Female,238.9.125.23
722,Manya,Colvin,mcolvink1@bloglines.com,Female,56.92.17.56
723,Carolan,Cawsy,ccawsyk2@amazon.de,Female,132.82.98.157
724,Reg,McGirr,rmcgirrk3@theatlantic.com,Male,26.186.233.99
725,Darrin,Diamant,ddiamantk4@hao123.com,Male,99.214.121.228
726,Chickie,Robjents,crobjentsk5@paypal.com,Male,106.136.113.201
727,Eleonora,Pedican,epedicank6@techcrunch.com,Female,105.193.34.74
728,Solly,Blade,sbladek7@webs.com,Male,105.142.57.17
729,Panchito,Herries,pherriesk8@admin.ch,Agender,229.203.166.255
730,Clementine,Lark,clarkk9@webmd.com,Genderqueer,225.178.144.5
731,Ignacio,Westmarland,iwestmarlandka@nih.gov,Male,83.58.129.65
732,Reggie,Witherden,rwitherdenkb@prlog.org,Male,149.182.111.100
733,Rebbecca,Abrams,rabramskc@whitehouse.gov,Female,146.108.27.177
734,Mallory,Audibert,maudibertkd@hubpages.com,Female,225.59.135.154
735,Christian,Ferrieri,cferrierike@example.com,Female,149.206.173.211
736,Mandi,Cleary,mclearykf@bigcartel.com,Female,219.206.129.160
737,Nissa,Bowkett,nbowkettkg@reference.com,Female,23.137.30.112
738,Marquita,Capner,mcapnerkh@hhs.gov,Female,18.88.220.212
739,Burton,Davidi,bdavidiki@google.com,Male,98.0.136.131
740,Melisenda,Rickhuss,mrickhusskj@1und1.de,Female,59.35.156.23
741,Karlan,Bartaletti,kbartalettikk@weather.com,Male,96.84.249.130
742,Brooks,Stancer,bstancerkl@wordpress.org,Female,3.120.120.170
743,Gwenni,Petrie,gpetriekm@domainmarket.com,Female,116.27.16.141
744,Reynolds,Qusklay,rqusklaykn@ovh.net,Polygender,165.230.202.107
745,Cherin,Chafney,cchafneyko@sohu.com,Female,223.106.81.245
746,Stephani,Caller,scallerkp@bravesites.com,Genderfluid,19.210.174.17
747,Chelsy,Eakly,ceaklykq@businessinsider.com,Female,7.152.224.0
748,Robyn,Zanettini,rzanettinikr@shop-pro.jp,Female,16.39.8.174
749,Joellen,Jencey,jjenceyks@soup.io,Female,62.228.66.107
750,Addison,Gelly,agellykt@loc.gov,Male,146.229.105.123
751,Fern,Michiel,fmichielku@cbc.ca,Female,172.236.128.0
752,Moria,Pinniger,mpinnigerkv@buzzfeed.com,Female,98.142.45.2
753,Frieda,Ayre,fayrekw@google.nl,Female,64.246.150.111
754,Adham,Hadgkiss,ahadgkisskx@google.ru,Male,161.213.106.87
755,Morie,Cowtherd,mcowtherdky@chron.com,Bigender,23.187.142.199
756,Renato,Reicherz,rreicherzkz@imdb.com,Male,232.202.173.172
757,Trever,Ingraham,tingrahaml0@mail.ru,Male,194.104.94.236
758,Glenn,Devonside,gdevonsidel1@unblog.fr,Male,229.3.14.157
759,Lester,Dredge,ldredgel2@cbc.ca,Male,162.68.73.174
760,Jerri,Andrez,jandrezl3@oracle.com,Male,96.76.249.217
761,Jordana,Dacca,jdaccal4@hao123.com,Polygender,239.6.49.201
762,Erl,Towriss,etowrissl5@booking.com,Genderqueer,19.131.176.98
763,Fredelia,Featherstonhaugh,ffeatherstonhaughl6@hugedomains.com,Female,226.87.75.19
764,Gaby,Carruth,gcarruthl7@whitehouse.gov,Male,150.209.63.8
765,Saunder,Scalera,sscaleral8@furl.net,Male,33.156.162.208
766,Shalom,Confait,sconfaitl9@clickbank.net,Male,133.188.130.176
767,Nerti,Thor,nthorla@baidu.com,Female,165.195.146.69
768,Inigo,Yurikov,iyurikovlb@booking.com,Male,144.35.145.140
769,Phillip,Rylett,prylettlc@netscape.com,Male,90.195.136.168
770,Thain,Orrett,torrettld@booking.com,Male,217.127.149.172
771,Brana,Blew,bblewle@photobucket.com,Female,2.152.156.113
772,Geri,Rodolphe,grodolphelf@live.com,Female,52.152.79.113
773,Adan,Roloff,arolofflg@independent.co.uk,Female,242.175.49.65
774,Duncan,Degoe,ddegoelh@hc360.com,Male,47.227.215.137
775,Madalyn,Nequest,mnequestli@economist.com,Female,232.194.207.180
776,Carena,Gannicleff,cganniclefflj@posterous.com,Agender,35.86.81.56
777,Mamie,Sutterfield,msutterfieldlk@mac.com,Female,23.104.214.20
778,Cherice,Gilhespy,cgilhespyll@trellian.com,Female,109.73.24.115
779,Ortensia,Kubu,okubulm@usda.gov,Female,6.11.144.67
780,Rebe,Fowlie,rfowlieln@topsy.com,Female,113.252.169.197
781,Nil,Kleinert,nkleinertlo@yelp.com,Male,24.195.194.229
782,Livvie,Chinery,lchinerylp@vk.com,Female,5.141.208.242
783,Justen,Bounde,jboundelq@noaa.gov,Male,143.33.206.92
784,Alard,Scrowby,ascrowbylr@cnbc.com,Male,234.168.60.71
785,Brinn,Brownbill,bbrownbillls@themeforest.net,Female,210.104.235.71
786,Reube,Dyke,rdykelt@surveymonkey.com,Agender,131.51.58.42
787,Roderic,Growden,rgrowdenlu@apache.org,Bigender,130.220.214.237
788,Esteban,Mellers,emellerslv@addthis.com,Male,35.170.161.178
789,Charlie,Penwell,cpenwelllw@archive.org,Male,232.159.22.5
790,Pedro,Lenden,plendenlx@indiegogo.com,Male,31.64.248.94
791,Ericha,MacCahey,emaccaheyly@is.gd,Female,120.6.203.0
792,Teresina,Milington,tmilingtonlz@twitter.com,Female,174.192.29.67
793,Hanny,Collens,hcollensm0@privacy.gov.au,Female,96.106.94.148
794,Kara,Hardson,khardsonm1@dailymail.co.uk,Agender,181.203.64.189
795,Kattie,Yewdale,kyewdalem2@statcounter.com,Female,220.243.7.91
796,Willie,Bartel,wbartelm3@homestead.com,Agender,66.145.151.207
797,Osmond,Eilles,oeillesm4@ow.ly,Male,34.42.179.135
798,Siana,Fursey,sfurseym5@wunderground.com,Female,235.36.124.244
799,Ulrica,Phippard,uphippardm6@bluehost.com,Female,191.182.217.96
800,Brennan,Frisel,bfriselm7@abc.net.au,Male,211.187.178.228
801,Jonis,Squier,jsquierm8@upenn.edu,Female,57.112.103.16
802,Dan,Beecham,dbeechamm9@bandcamp.com,Polygender,124.48.91.90
803,Maurise,Roome,mroomema@technorati.com,Female,26.194.22.185
804,Virginia,Guihen,vguihenmb@list-manage.com,Female,23.22.130.35
805,Marian,Passe,mpassemc@amazon.co.uk,Female,60.58.250.148
806,Janette,Pentelo,jpentelomd@t-online.de,Female,13.177.2.214
807,Angeline,Godfrey,agodfreyme@wikispaces.com,Female,54.10.209.52
808,Donetta,Bampkin,dbampkinmf@adobe.com,Female,190.192.130.132
809,Teddie,Bickardike,tbickardikemg@instagram.com,Male,117.240.229.228
810,Derron,Dellar,ddellarmh@amazon.de,Male,127.213.18.170
811,Rhys,Cicci,rciccimi@boston.com,Male,37.194.102.117
812,Ninnetta,Teal,ntealmj@dot.gov,Female,241.235.225.139
813,Lana,Harder,lhardermk@photobucket.com,Female,166.13.133.171
814,Bibby,Cuttin,bcuttinml@devhub.com,Agender,173.173.0.188
815,Wilone,Tonkes,wtonkesmm@netlog.com,Female,14.26.161.172
816,June,Acum,jacummn@ft.com,Female,39.119.241.105
817,Heywood,Karel,hkarelmo@bandcamp.com,Male,208.108.239.183
818,Alix,Wardington,awardingtonmp@goodreads.com,Male,98.185.28.113
819,Yevette,Carbine,ycarbinemq@umn.edu,Female,121.171.55.56
820,Adelbert,Hampson,ahampsonmr@foxnews.com,Male,58.14.27.126
821,Risa,Conochie,rconochiems@biblegateway.com,Female,3.255.209.3
822,Marleen,Stredwick,mstredwickmt@devhub.com,Female,16.110.60.218
823,Cynthia,Skentelbury,cskentelburymu@narod.ru,Female,49.157.194.237
824,Timi,Matczak,tmatczakmv@latimes.com,Female,211.187.209.164
825,Honey,Testin,htestinmw@sohu.com,Female,251.213.46.79
826,Karlyn,Adamovsky,kadamovskymx@discuz.net,Genderqueer,247.121.197.0
827,Gherardo,Sidebotham,gsidebothammy@blogger.com,Male,171.248.224.80
828,Gabe,Ladd,gladdmz@amazonaws.com,Male,182.47.179.158
829,Mariann,Govenlock,mgovenlockn0@usa.gov,Female,221.202.219.40
830,Christy,Rishman,crishmann1@stanford.edu,Male,254.240.6.106
831,Pearce,Coil,pcoiln2@infoseek.co.jp,Male,229.67.225.151
832,Arlyne,Worley,aworleyn3@joomla.org,Polygender,218.150.60.186
833,Barnard,Leabeater,bleabeatern4@cisco.com,Male,35.246.200.77
834,Levi,Roddam,lroddamn5@ning.com,Male,185.38.96.59
835,Ambrose,Sarjant,asarjantn6@ameblo.jp,Male,211.203.196.183
836,Olly,Maier,omaiern7@networksolutions.com,Female,153.137.207.179
837,Taddeo,McKerton,tmckertonn8@about.com,Male,137.242.172.198
838,Solomon,Frays,sfraysn9@devhub.com,Male,112.98.126.210
839,Darell,holmes,dholmesna@princeton.edu,Female,64.170.133.146
840,Devonne,Cogdon,dcogdonnb@unesco.org,Female,238.215.163.28
841,Napoleon,Enstone,nenstonenc@macromedia.com,Male,31.60.246.77
842,Roobbie,Ableson,rablesonnd@hostgator.com,Female,105.190.235.91
843,Felecia,Insall,finsallne@usgs.gov,Female,192.26.135.238
844,Marylin,Carnson,mcarnsonnf@plala.or.jp,Female,227.83.149.144
845,Sheena,Culbert,sculbertng@google.com.br,Female,99.204.29.18
846,Adelheid,Climie,aclimienh@yolasite.com,Female,247.82.252.162
847,Aidan,Dearle,adearleni@amazon.co.uk,Female,211.107.104.148
848,Taffy,Cometti,tcomettinj@nih.gov,Female,175.96.180.27
849,Halley,Gamblin,hgamblinnk@upenn.edu,Female,161.26.114.213
850,Griz,Calan,gcalannl@studiopress.com,Bigender,126.179.84.118
851,Florinda,Donneely,fdonneelynm@friendfeed.com,Female,90.143.37.201
852,Tove,Nassi,tnassinn@spotify.com,Agender,151.80.108.158
853,Ase,Danielsson,adanielssonno@imageshack.us,Male,115.210.39.201
854,Tandi,Braitling,tbraitlingnp@g.co,Female,231.132.158.69
855,Gusti,Di Giorgio,gdigiorgionq@wiley.com,Female,7.95.217.80
856,Shamus,Jepps,sjeppsnr@squarespace.com,Male,85.69.153.59
857,Margi,Sidnell,msidnellns@mit.edu,Female,5.134.242.240
858,Malena,Raithbie,mraithbient@topsy.com,Female,251.2.36.141
859,Averill,Yerrell,ayerrellnu@mtv.com,Male,38.150.147.67
860,Merrel,Lohde,mlohdenv@tmall.com,Male,211.190.244.79
861,Allen,Gwillim,agwillimnw@canalblog.com,Male,96.87.189.171
862,Pippo,Dibner,pdibnernx@fotki.com,Male,207.236.18.40
863,Ray,Rowcastle,rrowcastleny@liveinternet.ru,Female,4.120.110.57
864,Levey,Gouly,lgoulynz@yahoo.co.jp,Male,210.191.163.124
865,Ricky,Miche,rmicheo0@time.com,Female,29.210.187.236
866,Lauren,Race,lraceo1@webeden.co.uk,Female,116.233.7.96
867,Helga,Growden,hgrowdeno2@jalbum.net,Female,196.47.87.134
868,Doria,Bohlmann,dbohlmanno3@github.com,Female,95.27.15.32
869,Roana,Edmott,redmotto4@businesswire.com,Female,221.64.224.226
870,Park,Littley,plittleyo5@issuu.com,Male,196.10.113.200
871,Clareta,Molines,cmolineso6@ning.com,Genderqueer,127.89.126.42
872,Jaimie,Hubbins,jhubbinso7@scientificamerican.com,Male,3.18.221.122
873,Grady,Twiddy,gtwiddyo8@ihg.com,Male,254.193.172.46
874,Quintin,Parsall,qparsallo9@usatoday.com,Male,83.34.235.220
875,Mala,Bourhill,mbourhilloa@yellowbook.com,Female,179.94.18.51
876,Jemima,Slessar,jslessarob@japanpost.jp,Female,240.188.175.91
877,Saundra,Petherick,spetherickoc@desdev.cn,Male,170.208.37.172
878,Adey,Capineer,acapineerod@blogger.com,Genderfluid,5.186.44.115
879,Malynda,Wadley,mwadleyoe@ezinearticles.com,Agender,213.157.56.171
880,Anastasie,Virgo,avirgoof@microsoft.com,Female,140.142.183.190
881,Izaak,Dansken,idanskenog@goo.ne.jp,Male,127.167.134.173
882,Elenore,Gannicleff,egannicleffoh@howstuffworks.com,Female,123.228.168.252
883,Pammie,Delacote,pdelacoteoi@sitemeter.com,Female,245.224.220.6
884,Merissa,Emer,memeroj@reddit.com,Female,131.150.100.43
885,Karlen,Beebe,kbeebeok@ucoz.ru,Female,79.140.116.119
886,Amata,Willatts,awillattsol@altervista.org,Female,85.132.38.67
887,Lilian,Medforth,lmedforthom@cpanel.net,Female,52.106.52.137
888,Erina,Durtnell,edurtnellon@plala.or.jp,Non-binary,118.1.24.111
889,Richard,Dain,rdainoo@i2i.jp,Non-binary,65.37.159.238
890,Teresina,Autry,tautryop@gizmodo.com,Female,43.80.148.124
891,Ludovika,Wrigley,lwrigleyoq@about.com,Genderfluid,55.114.149.219
892,Culver,Averies,caveriesor@about.com,Agender,241.184.217.231
893,Zabrina,Cowle,zcowleos@scientificamerican.com,Female,126.190.116.138
894,Lucas,Rowe,lroweot@fema.gov,Male,184.22.146.123
895,Margalit,Gyorffy,mgyorffyou@about.me,Female,119.206.209.64
896,Josy,Kiehl,jkiehlov@cisco.com,Female,39.140.58.77
897,Edin,Matushevich,ematushevichow@usatoday.com,Polygender,89.251.34.75
898,Wynn,Amyes,wamyesox@ezinearticles.com,Male,174.64.5.247
899,Ruthie,Bursnell,rbursnelloy@timesonline.co.uk,Female,247.174.104.24
900,Kizzie,Fawdrie,kfawdrieoz@google.fr,Female,231.12.119.53
901,Beatriz,Morrant,bmorrantp0@hexun.com,Female,85.60.60.193
902,Jeff,McGonigle,jmcgoniglep1@amazon.co.jp,Male,98.30.6.142
903,Meris,Baldung,mbaldungp2@phpbb.com,Female,159.143.159.197
904,Dahlia,MacTrustram,dmactrustramp3@amazon.co.uk,Female,193.120.129.223
905,Floyd,Crommett,fcrommettp4@weibo.com,Male,218.228.69.87
906,Wilhelmine,Mulderrig,wmulderrigp5@bluehost.com,Female,33.166.96.179
907,Dorette,Maccrea,dmaccreap6@yale.edu,Female,219.64.117.23
908,Hersh,Dye,hdyep7@cornell.edu,Male,80.51.59.185
909,Casey,Bentsen,cbentsenp8@bloglovin.com,Male,226.149.206.149
910,Karrah,Cranch,kcranchp9@irs.gov,Female,163.93.160.150
911,Griff,Minchenton,gminchentonpa@360.cn,Male,53.77.153.88
912,Aguistin,Couvet,acouvetpb@cocolog-nifty.com,Male,153.2.81.67
913,Cirillo,Andreas,candreaspc@whitehouse.gov,Male,111.234.139.223
914,Miriam,Rylett,mrylettpd@amazon.co.uk,Genderqueer,3.71.176.156
915,Ilaire,Columbine,icolumbinepe@ocn.ne.jp,Genderqueer,197.208.89.225
916,Paola,Hector,phectorpf@msn.com,Female,19.18.82.29
917,Linc,Plowright,lplowrightpg@illinois.edu,Male,211.100.246.169
918,Augustina,Laverty,alavertyph@1und1.de,Female,203.204.155.212
919,Franklyn,Dye,fdyepi@microsoft.com,Male,115.228.1.193
920,Sayre,Corneck,scorneckpj@nationalgeographic.com,Genderfluid,80.55.208.33
921,Cordelia,Rookes,crookespk@blinklist.com,Female,138.103.98.162
922,Marsh,Hand,mhandpl@taobao.com,Male,105.89.60.79
923,Rivi,Gallone,rgallonepm@technorati.com,Female,136.97.231.60
924,Cazzie,Marzelli,cmarzellipn@barnesandnoble.com,Male,173.165.220.252
925,Ahmad,Licciardi,alicciardipo@wp.com,Agender,213.128.214.154
926,Sharai,Watmore,swatmorepp@utexas.edu,Female,117.63.178.218
927,Farrand,Revan,frevanpq@godaddy.com,Polygender,156.241.94.205
928,Joete,Donan,jdonanpr@patch.com,Female,160.237.83.25
929,Georgia,Southwell,gsouthwellps@mozilla.org,Female,119.111.107.32
930,Dallis,Humphrys,dhumphryspt@scribd.com,Male,230.28.163.231
931,Ezra,McDaid,emcdaidpu@mozilla.org,Male,153.102.117.18
932,Denney,Freeburn,dfreeburnpv@earthlink.net,Genderfluid,102.200.253.46
933,Candida,Burl,cburlpw@umn.edu,Female,224.175.167.79
934,Garnette,Burghill,gburghillpx@mysql.com,Female,240.166.229.63
935,Charita,Newcomen,cnewcomenpy@ibm.com,Female,36.210.63.69
936,Jobie,Imison,jimisonpz@comcast.net,Female,100.145.247.176
937,Issiah,Easthope,ieasthopeq0@purevolume.com,Male,41.37.39.73
938,Bettine,Oakenfield,boakenfieldq1@issuu.com,Female,247.24.167.16
939,Moria,Dispencer,mdispencerq2@sitemeter.com,Female,107.102.8.254
940,Emmett,Drieu,edrieuq3@issuu.com,Male,95.128.10.63
941,Denis,Jorry,djorryq4@washingtonpost.com,Male,120.151.153.237
942,Josefina,McDirmid,jmcdirmidq5@sfgate.com,Female,41.161.151.19
943,Brok,Paulin,bpaulinq6@exblog.jp,Male,209.43.226.115
944,Luce,Vuitton,lvuittonq7@answers.com,Male,176.172.246.104
945,Engelbert,Fleay,efleayq8@t.co,Male,43.159.70.39
946,Katherine,Pirelli,kpirelliq9@wikimedia.org,Female,14.153.135.64
947,Georas,Wordesworth,gwordesworthqa@theatlantic.com,Male,62.223.218.126
948,Sean,Icom,sicomqb@umich.edu,Genderfluid,146.228.158.131
949,Grover,Yard,gyardqc@senate.gov,Non-binary,162.237.103.166
950,Shelly,Eatttok,seatttokqd@trellian.com,Bigender,213.234.173.53
951,Trixy,Poschel,tposchelqe@walmart.com,Female,203.4.11.231
952,Tootsie,Haylands,thaylandsqf@state.gov,Genderqueer,97.27.216.190
953,Tab,Tatters,ttattersqg@goodreads.com,Male,218.151.215.171
954,Benetta,Surplice,bsurpliceqh@skyrock.com,Female,115.25.38.15
955,Adlai,Ambler,aamblerqi@mtv.com,Male,52.19.173.161
956,Georg,Kinnard,gkinnardqj@wikimedia.org,Male,139.14.212.109
957,Kristofer,Althorp,kalthorpqk@godaddy.com,Genderqueer,81.131.37.123
958,Claretta,Saxon,csaxonql@cnn.com,Female,248.172.185.147
959,Von,Cure,vcureqm@cnn.com,Male,249.152.3.221
960,Lemar,Brimley,lbrimleyqn@ucoz.com,Male,184.24.237.44
961,Jorey,Salsberg,jsalsbergqo@bigcartel.com,Female,142.71.110.11
962,Dud,Heningam,dheningamqp@mapquest.com,Male,237.216.127.64
963,Shepard,Brient,sbrientqq@nih.gov,Male,61.68.243.201
964,Alexia,Stuchbery,astuchberyqr@europa.eu,Female,49.151.164.45
965,Zebedee,Hirche,zhircheqs@yale.edu,Male,220.239.225.181
966,Ian,Gasticke,igastickeqt@whitehouse.gov,Male,32.254.39.42
967,Raff,Broddle,rbroddlequ@newyorker.com,Male,105.246.179.10
968,Max,Frostdyke,mfrostdykeqv@hugedomains.com,Female,198.141.26.220
969,Milli,Skin,mskinqw@artisteer.com,Female,241.178.133.142
970,Batholomew,Fligg,bfliggqx@edublogs.org,Male,154.100.128.162
971,Ellswerth,Hext,ehextqy@army.mil,Male,229.105.150.144
972,Sheffield,Winterson,swintersonqz@reddit.com,Genderfluid,95.64.105.216
973,Dru,Winstanley,dwinstanleyr0@newsvine.com,Female,155.218.110.225
974,Jeth,Wilcock,jwilcockr1@bloomberg.com,Male,67.167.62.140
975,Alexandros,Salvadore,asalvadorer2@ed.gov,Male,68.159.251.59
976,Maximilian,Ellen,mellenr3@amazon.co.jp,Male,161.185.103.10
977,Giordano,Petris,gpetrisr4@ucla.edu,Male,215.136.0.3
978,Boigie,Foskett,bfoskettr5@elegantthemes.com,Male,227.2.162.99
979,Winnah,Tuma,wtumar6@pinterest.com,Female,126.1.105.23
980,Krissie,McCaighey,kmccaigheyr7@oracle.com,Female,62.75.118.234
981,Auguste,Dowdam,adowdamr8@seattletimes.com,Female,147.118.17.181
982,Dougy,Angrave,dangraver9@youtube.com,Male,33.112.36.45
983,Patric,Laurencot,plaurencotra@wikispaces.com,Male,213.155.116.20
984,Fabiano,Codi,fcodirb@desdev.cn,Male,184.38.105.76
985,Lenora,Normandale,lnormandalerc@wisc.edu,Female,244.106.236.93
986,Kassey,Potier,kpotierrd@pen.io,Female,237.192.97.135
987,Nanny,Foulcher,nfoulcherre@cisco.com,Female,101.162.42.19
988,Bernardo,Stroulger,bstroulgerrf@bluehost.com,Male,134.29.234.140
989,Tiena,Tegeller,ttegellerrg@mail.ru,Female,54.105.69.58
990,Debera,Stener,dstenerrh@epa.gov,Female,39.126.7.22
991,Hillery,Danton,hdantonri@earthlink.net,Male,61.208.111.98
992,Mary,Castellanos,mcastellanosrj@virginia.edu,Female,189.110.158.31
993,Shanta,Ilem,silemrk@amazon.de,Female,226.51.96.117
994,Melina,Bollini,mbollinirl@creativecommons.org,Female,86.251.249.4
995,Dorian,Naptin,dnaptinrm@abc.net.au,Female,0.148.137.68
996,Retha,Herion,rherionrn@webnode.com,Female,221.108.66.6
997,Em,Espinosa,eespinosaro@jimdo.com,Male,33.135.122.239
998,Florian,Huguet,fhuguetrp@ox.ac.uk,Non-binary,81.189.229.61
999,Godard,Auty,gautyrq@statcounter.com,Male,49.177.24.203
1000,Stavros,Ambrogio,sambrogiorr@google.com.au,Male,183.201.57.207
